"player_id","full_name","price_af","pricechgavg","pricechg50","pricechg75","pricechg100","pricechg120","season","round_id"
"CD_I1001195","Izak Rankine",76700,-500,-2700,-700,1300,2900,2024,8
"CD_I1004863","Mitchell Hinge",81700,-400,-3100,-1100,900,2500,2024,8
"CD_I1004995","Jordon Butts",37000,500,1300,3300,5300,6900,2024,8
"CD_I1005199","Elliott Himmelberg",45700,3300,2000,4000,6000,7600,2024,8
"CD_I1006136","Lachlan Sholl",71100,1500,-700,1400,3400,5000,2024,8
"CD_I1006203","Chayce Jones",57100,-1800,-2100,-100,1900,3500,2024,8
"CD_I1008185","Ned McHenry",48000,-500,-600,1400,3400,5000,2024,8
"CD_I1011981","Josh Worrell",68900,1700,-300,1700,3700,5300,2024,8
"CD_I1013974","Mark Keane",60700,-300,-1700,300,2300,3900,2024,8
"CD_I1015370","Max Michalanney",59500,1000,-300,1700,3700,5300,2024,8
"CD_I1017051","Josh Rachele",67400,700,-800,1200,3200,4800,2024,8
"CD_I1017109","Jake Soligo",80700,2700,200,2200,4200,5800,2024,8
"CD_I1018335","Brayden Cook",44700,300,700,2700,4700,6300,2024,8
"CD_I1021031","Luke Nankervis",59200,1200,-100,1900,3900,5500,2024,8
"CD_I1024023","Daniel Curtin",31200,400,1600,3600,5600,7200,2024,8
"CD_I280506","Taylor Walker",74600,-1400,-3300,-1300,800,2400,2024,8
"CD_I291748","Brodie Smith",70700,-4400,-5700,-3700,-1700,-100,2024,8
"CD_I293222","Rory Laird",97600,-200,-4300,-2300,-300,1300,2024,8
"CD_I297401","Matt Crouch",92000,-100,-4000,-2000,0,1600,2024,8
"CD_I297523","Reilly O'Brien",82600,200,-2500,-500,1500,3100,2024,8
"CD_I992242","Jordan Dawson",107500,100,-4700,-2600,-600,1000,2024,8
"CD_I993946","Ben Keays",69100,-200,-1600,400,2400,4100,2024,8
"CD_I999331","Darcy Fogarty",52600,2500,2200,4200,6200,7800,2024,8
"CD_I1000978","Hugh McCluggage",97500,500,-3600,-1600,400,2100,2024,8
"CD_I1002235","Cam Rayner",63500,-1400,-2600,-600,1400,3000,2024,8
"CD_I1002347","Jack Payne",42200,200,1100,3100,5100,6700,2024,8
"CD_I1005053","Noah Answerth",58300,-2900,-3600,-1600,400,2000,2024,8
"CD_I1005521","Oscar McInerney",76500,-1800,-3900,-1900,100,1700,2024,8
"CD_I1007099","Harry Sharp",50000,5100,2100,4100,6100,7700,2024,8
"CD_I1009317","Bruce Reville",24600,3800,3700,5700,7700,9300,2024,8
"CD_I1014026","Kai Lohmann",47700,2500,2500,4500,6500,8200,2024,8
"CD_I1017067","Darcy Wilmot",68600,1300,-500,1500,3500,5100,2024,8
"CD_I1023708","Jaspa Fletcher",59400,0,-900,1200,3200,4800,2024,8
"CD_I1028019","Logan Morris",24000,1200,2500,4500,6500,8100,2024,8
"CD_I261224","Dayne Zorko",105400,3400,-1600,400,2400,4000,2024,8
"CD_I291548","Ryan Lester",62600,1200,200,2200,4200,5800,2024,8
"CD_I293535","Lachie Neale",86600,1100,-2100,-100,1900,3500,2024,8
"CD_I293581","Lincoln McCarthy",60600,-4200,-5200,-3200,-1200,400,2024,8
"CD_I294518","Joe Daniher",81000,-600,-3300,-1300,700,2300,2024,8
"CD_I296269","Darcy Gardiner",39500,-1300,-400,1600,3600,5200,2024,8
"CD_I990609","Charlie Cameron",59300,-1800,-2500,-500,1500,3100,2024,8
"CD_I993834","Josh Dunkley",108100,1500,-3700,-1700,300,1900,2024,8
"CD_I993953","Eric Hipwood",51100,-400,-500,1500,3500,5100,2024,8
"CD_I996059","Harris Andrews",66300,400,-1200,800,2800,4400,2024,8
"CD_I997846","Conor McKenna",64600,1700,0,2000,4000,5600,2024,8
"CD_I998133","Jarrod Berry",89400,3000,-200,1800,3800,5400,2024,8
"CD_I1000072","John Noble",74200,-300,-2100,-100,1900,3500,2024,8
"CD_I1000860","Lachie Schultz",62100,-900,-1800,200,2200,3800,2024,8
"CD_I1003130","Patrick Lipinski",67400,500,-1200,900,2900,4500,2024,8
"CD_I1004757","Beau McCreery",49400,-1200,-1400,700,2700,4300,2024,8
"CD_I1005054","Josh Daicos",87900,-1500,-4600,-2600,-600,1000,2024,8
"CD_I1006148","Bobby Hill",47200,-900,-800,1200,3200,4800,2024,8
"CD_I1008089","Isaac Quaynor",53600,-2800,-2900,-900,1100,2700,2024,8
"CD_I1015332","Harvey Harrison",32800,700,1700,3700,5700,7300,2024,8
"CD_I1023261","Nick Daicos",97900,700,-3400,-1400,700,2300,2024,8
"CD_I260257","Scott Pendlebury",73000,1200,-800,1200,3200,4800,2024,8
"CD_I280965","Steele Sidebottom",59500,-2200,-2800,-800,1200,2800,2024,8
"CD_I291313","Jeremy Howe",61500,300,-700,1300,3300,4900,2024,8
"CD_I291720","Will Hoskin-Elliott",59800,-700,-1600,400,2400,4000,2024,8
"CD_I291849","Brody Mihocek",63100,-800,-2000,100,2100,3700,2024,8
"CD_I293801","Jamie Elliott",63000,-500,-1800,300,2300,3900,2024,8
"CD_I293871","Jack Crisp",69800,400,-1100,900,2900,4500,2024,8
"CD_I298288","Darcy Moore",53600,400,100,2100,4100,5700,2024,8
"CD_I298358","Oleg Markov",45500,-700,-300,1700,3700,5300,2024,8
"CD_I990291","Darcy Cameron",82200,400,-2600,-600,1400,3100,2024,8
"CD_I991773","Billy Frampton",43000,-2700,-1900,100,2100,3700,2024,8
"CD_I992010","Brayden Maynard",72600,-900,-3000,-1000,1000,2600,2024,8
"CD_I998480","Lachlan Sullivan",25000,4500,3900,5900,7900,9500,2024,8
"CD_I998647","Mason Cox",56400,-1000,-1500,500,2500,4100,2024,8
"CD_I1004095","Jack Lukosius",69700,-2100,-3600,-1600,500,2100,2024,8
"CD_I1006100","Thomas Berry",53200,-1300,-1700,300,2300,3900,2024,8
"CD_I1006144","Ben King",47700,1000,1100,3100,5100,6700,2024,8
"CD_I1007881","Wil Powell",69100,300,-1600,400,2400,4000,2024,8
"CD_I1008882","Charlie Ballard",53400,-1100,-1600,400,2400,4000,2024,8
"CD_I1009199","Noah Anderson",105100,-1300,-6000,-4000,-2000,-300,2024,8
"CD_I1009208","Matt Rowell",94100,-2000,-5700,-3700,-1700,-100,2024,8
"CD_I1009260","Sam Flanders",105100,500,-4200,-2200,-200,1400,2024,8
"CD_I1013257","Sam Clohesy",56900,2800,600,2600,4600,6300,2024,8
"CD_I1017396","Mac Andrew",60800,-1200,-2500,-500,1500,3100,2024,8
"CD_I1018123","Jake Rogers",32000,800,1800,3900,5900,7500,2024,8
"CD_I1023736","Jed Walter",34000,500,1800,3800,5800,7400,2024,8
"CD_I1026960","Will Graham",54100,3000,1300,3300,5300,7000,2024,8
"CD_I1027033","Ethan Read",25800,-2000,400,2400,4400,6000,2024,8
"CD_I290832","David Swallow",36300,-1800,-600,1400,3400,5000,2024,8
"CD_I291975","Jarrod Witts",94200,-600,-4100,-2100,-100,1500,2024,8
"CD_I294472","Rory Atkins",60300,-4000,-3400,-1400,600,2300,2024,8
"CD_I295446","Sam Collins",54200,-300,-700,1300,3300,4900,2024,8
"CD_I297456","Nick Holman",44400,-800,-300,1700,3700,5300,2024,8
"CD_I298272","Touk Miller",94500,-1000,-4700,-2700,-700,900,2024,8
"CD_I993799","Brayden Fiorini",75000,-200,-2700,-600,1400,3000,2024,8
"CD_I993917","Ben Long",38800,-3300,-1100,900,2900,4500,2024,8
"CD_I998130","Ben Ainsworth",62800,-1500,-2500,-500,1500,3100,2024,8
"CD_I1000953","Harry McKay",88200,1500,-2100,-100,1900,3500,2024,8
"CD_I1001398","Matthew Kennedy",73100,-2200,-3700,-1700,300,1900,2024,8
"CD_I1002239","Adam Cerra",89100,-800,-3700,-1700,300,1900,2024,8
"CD_I1002795","Jordan Boyd",60900,400,-900,1100,3100,4700,2024,8
"CD_I1004912","Tom De Koning",81200,600,-2300,-300,1700,3300,2024,8
"CD_I1006094","Sam Walsh",103600,500,-4600,-2600,-600,1000,2024,8
"CD_I1008154","Matthew Cottrell",52300,-1800,-1800,200,2200,3800,2024,8
"CD_I1008510","Corey Durdin",40500,-700,400,2400,4400,6000,2024,8
"CD_I1012862","Elijah Hollands",62800,300,-800,1200,3200,4800,2024,8
"CD_I1013973","Matthew Owies",42900,-100,300,2300,4300,6000,2024,8
"CD_I1016268","Alex Cincotta",47500,-1100,-400,1600,3600,5200,2024,8
"CD_I1021353","Lachlan Cowan",40900,1400,1500,3500,5500,7100,2024,8
"CD_I294036","George Hewett",82500,600,-2300,-300,1700,3300,2024,8
"CD_I294685","Zac Williams",58800,-900,-2000,0,2000,3600,2024,8
"CD_I296294","Blake Acres",91300,2100,-1300,700,2700,4300,2024,8
"CD_I296334","Orazio Fantasia",27700,-1200,500,2500,4500,6100,2024,8
"CD_I297907","Nic Newman",88000,2600,-700,1300,3300,4900,2024,8
"CD_I298290","Marc Pittonet",60500,1600,300,2300,4300,5900,2024,8
"CD_I990704","Patrick Cripps",96500,-700,-4500,-2500,-500,1100,2024,8
"CD_I993795","David Cuningham",57000,-1900,-2100,-100,1900,3600,2024,8
"CD_I993832","Jacob Weitering",75500,-1600,-3900,-1900,100,1700,2024,8
"CD_I996731","Charlie Curnow",79100,-2300,-4600,-2600,-500,1100,2024,8
"CD_I997316","Lewis Young",53100,-900,-1200,800,2800,4400,2024,8
"CD_I1001017","Nick Larkey",55300,1700,1200,3200,5200,6800,2024,8
"CD_I1002138","Toby Pink",26200,-600,1200,3200,5200,6800,2024,8
"CD_I1002240","Jaidyn Stephenson",44800,-2400,-1600,400,2400,4000,2024,8
"CD_I1002267","Luke Davies-Uniacke",88500,-1400,-4500,-2500,-500,1100,2024,8
"CD_I1002947","Paul Curtis",48700,-500,-500,1500,3500,5100,2024,8
"CD_I1004965","Tristan Xerri",97000,2200,-2300,-300,1700,3300,2024,8
"CD_I1006058","Bailey Scott",79700,-1600,-4000,-2000,0,1600,2024,8
"CD_I1011659","Tom Powell",78300,-2100,-4900,-2900,-900,700,2024,8
"CD_I1015781","Charlie Comben",52900,-200,-1200,800,2800,4400,2024,8
"CD_I1020968","Jackson Archer",36400,-2700,-200,1800,3800,5400,2024,8
"CD_I1023475","Blake Drury",41200,2400,1700,3700,5700,7300,2024,8
"CD_I1023477","George Wardlaw",68600,1500,-500,1500,3500,5100,2024,8
"CD_I1023494","Zane Duursma",40700,-700,-400,1600,3600,5200,2024,8
"CD_I1023518","Harry Sheezel",115900,-1600,-7300,-5300,-3300,-1700,2024,8
"CD_I1023625","Riley Hardeman",29700,1900,2500,4500,6500,8100,2024,8
"CD_I1024272","Colby McKercher",59600,4500,2800,4800,6800,8400,2024,8
"CD_I280737","Liam Shiels",61500,-5600,-4700,-2700,-700,900,2024,8
"CD_I294508","Aidan Corr",50000,500,800,2800,4800,6400,2024,8
"CD_I296355","Luke McDonald",63200,-700,-1700,300,2400,4000,2024,8
"CD_I993816","Darcy Tucker",60500,-100,-700,1300,3300,4900,2024,8
"CD_I993998","Jy Simpkin",59600,-1100,-1700,300,2400,4000,2024,8
"CD_I998484","Cameron Zurhaar",58300,-1800,-2500,-500,1500,3100,2024,8
"CD_I999827","Zac Fisher",69600,0,-1900,100,2100,3700,2024,8
"CD_I1000972","Willem Drew",81100,-900,-3800,-1800,200,1800,2024,8
"CD_I1001299","Connor Rozee",94400,-4500,-8200,-6200,-4200,-2600,2024,8
"CD_I1002220","Esava Ratugolea",48700,-500,-500,1500,3500,5100,2024,8
"CD_I1002253","Kane Farrell",73400,-300,-2500,-500,1500,3100,2024,8
"CD_I1004034","Brandon Zerk-Thatcher",49000,-300,-400,1600,3600,5200,2024,8
"CD_I1004819","Jed McEntee",31200,-1900,0,2000,4000,5600,2024,8
"CD_I1004998","Todd Marshall",54400,-2200,-2800,-800,1200,2800,2024,8
"CD_I1005326","Jackson Mead",44700,-2100,-2000,0,2100,3700,2024,8
"CD_I1006121","Zak Butters",102200,-200,-4600,-2600,-600,1000,2024,8
"CD_I1009191","Miles Bergman",75900,2200,-400,1600,3600,5200,2024,8
"CD_I1009195","Dylan Williams",49100,-3700,-2300,-300,1700,3300,2024,8
"CD_I1010174","Mitch Georgiades",54600,-1400,-2100,-100,1900,3500,2024,8
"CD_I1011583","Lachie Jones",45900,1800,1900,3900,5900,7500,2024,8
"CD_I1011640","Jason Horne-Francis",77700,-1500,-4100,-2100,-100,1500,2024,8
"CD_I1013462","Jase Burgoyne",65300,2100,700,2700,4700,6300,2024,8
"CD_I250365","Travis Boak",60800,500,-700,1300,3400,5000,2024,8
"CD_I280711","Charlie Dixon",64500,600,-800,1200,3200,4800,2024,8
"CD_I294318","Ollie Wines",86000,1500,-1700,300,2300,3900,2024,8
"CD_I296225","Willie Rioli",47200,1000,1100,3100,5100,6700,2024,8
"CD_I991930","Darcy Byrne-Jones",55900,-1000,-1500,600,2600,4200,2024,8
"CD_I992128","Ryan Burton",67700,-600,-2200,-200,1800,3400,2024,8
"CD_I992330","Jordon Sweet",55600,5700,3200,5200,7200,8800,2024,8
"CD_I994295","Dan Houston",91100,-800,-4000,-2000,0,1600,2024,8
"CD_I1000864","Lachlan Bramble",69200,-700,-2600,-600,1400,3000,2024,8
"CD_I1002404","Aaron Naughton",67500,0,-1300,700,2700,4300,2024,8
"CD_I1004592","Tim English",107700,2000,-2900,-900,1200,2800,2024,8
"CD_I1005000","Laitham Vandermeer",56600,-1200,-1900,100,2100,3700,2024,8
"CD_I1006533","Riley Garcia",41400,2000,1700,3700,5700,7300,2024,8
"CD_I1008280","Ed Richards",72300,-500,-2300,-300,1700,3300,2024,8
"CD_I1008855","Oskar Baker",60200,-3000,-3800,-1800,200,1900,2024,8
"CD_I1009301","Jamarra Ugle-Hagan",62500,-1700,-2800,-800,1200,2800,2024,8
"CD_I1017087","Harvey Gallagher",45800,-100,-300,1700,3700,5300,2024,8
"CD_I1017126","Sam Darcy",70800,0,-2100,-100,1900,3500,2024,8
"CD_I1023787","Charlie Clarke",22200,0,2000,4000,6000,7600,2024,8
"CD_I1032966","James O'Donnell",36500,-300,600,2600,4600,6300,2024,8
"CD_I281078","Liam Jones",52700,1400,1000,3100,5100,6700,2024,8
"CD_I290085","Taylor Duryea",62000,-1100,-2400,-300,1700,3300,2024,8
"CD_I290799","Tom Liberatore",93700,-2100,-5400,-3400,-1400,200,2024,8
"CD_I291790","Adam Treloar",106000,-500,-5100,-3100,-1100,500,2024,8
"CD_I294101","Jason Johannisen",81900,0,-2800,-800,1200,2800,2024,8
"CD_I295467","Jack Macrae",81400,-100,-2400,-400,1600,3200,2024,8
"CD_I297373","Marcus Bontempelli",100600,-1500,-5500,-3500,-1500,100,2024,8
"CD_I297899","James Harmes",65100,700,-600,1400,3400,5100,2024,8
"CD_I992351","Bailey Williams",72900,300,-1700,300,2300,4000,2024,8
"CD_I996708","Bailey Dale",89200,3700,200,2200,4300,5900,2024,8
"CD_I998782","Buku Khamis",47400,0,-100,1900,3900,5500,2024,8
"CD_I1000963","Harry Morrison",67200,-2300,-3000,-1000,1000,2600,2024,8
"CD_I1000980","Lloyd Meek",72400,2900,300,2300,4300,5900,2024,8
"CD_I1002222","James Worpel",76000,-1100,-3700,-1700,300,1900,2024,8
"CD_I1005144","Massimo D'Ambrosio",59200,-1200,-2500,-500,1500,3100,2024,8
"CD_I1006314","Dylan Moore",83000,2900,0,2100,4100,5700,2024,8
"CD_I1007124","Conor Nash",78400,400,-2000,0,2000,3700,2024,8
"CD_I1008550","Will Day",85300,-6900,-7100,-5100,-3100,-1500,2024,8
"CD_I1009421","Finn Maginness",52300,700,400,2400,4400,6000,2024,8
"CD_I1012857","Jack Ginnivan",61600,700,-600,1400,3400,5000,2024,8
"CD_I1017094","Connor Macdonald",65900,200,-1300,700,2700,4300,2024,8
"CD_I1017110","Josh Ward",63600,-3500,-4300,-2300,-300,1400,2024,8
"CD_I1020895","Jai Newcombe",79600,0,-2200,-200,1800,3400,2024,8
"CD_I1023473","Nick Watson",39300,900,1300,3300,5300,6900,2024,8
"CD_I1023482","Cam Mackenzie",52100,-700,-1000,1000,3000,4600,2024,8
"CD_I1027935","Josh Weddle",58600,-600,-1600,400,2400,4000,2024,8
"CD_I1032100","Calsher Dear",25800,5800,4400,6400,8400,10000,2024,8
"CD_I291351","Jack Gunston",50900,0,-100,1900,3900,5500,2024,8
"CD_I293738","Sam Frost",44200,-1200,-900,1100,3100,4700,2024,8
"CD_I296254","Jarman Impey",77400,1800,-700,1300,3300,4900,2024,8
"CD_I297354","Karl Amon",84600,-1900,-4700,-2700,-700,900,2024,8
"CD_I297566","James Sicily",79800,-300,-2500,-500,1500,3100,2024,8
"CD_I993794","Blake Hardwick",58600,-200,-900,1100,3100,4700,2024,8
"CD_I998114","Jack Scrimshaw",71500,100,-1600,400,2400,4000,2024,8
"CD_I1000937","Jack Henry",45000,-400,-200,1800,3800,5400,2024,8
"CD_I1004870","Zach Guthrie",72900,3000,900,2900,4900,6500,2024,8
"CD_I1004938","Gryan Miers",87400,0,-3300,-1300,700,2300,2024,8
"CD_I1009229","Sam De Koning",39500,-900,-200,1800,3800,5400,2024,8
"CD_I1012805","Tanner Bruhn",72200,-1400,-3300,-1300,700,2300,2024,8
"CD_I1012860","Oliver Henry",50900,0,-200,1800,3800,5400,2024,8
"CD_I1015889","Max Holmes",90400,1900,-1800,200,2200,3800,2024,8
"CD_I1023537","Jhye Clark",34400,400,1200,3200,5200,6800,2024,8
"CD_I1025034","Oliver Dempsey",59500,-200,-1800,200,2200,3900,2024,8
"CD_I261510","Tom Hawkins",51000,-2100,-2100,-100,1900,3500,2024,8
"CD_I280317","Rhys Stanley",62100,-1500,-2200,-200,1800,3400,2024,8
"CD_I281065","Mitch Duncan",78500,-1100,-3500,-1500,500,2200,2024,8
"CD_I290550","Cameron Guthrie",83500,-2600,-4700,-2700,-700,900,2024,8
"CD_I291357","Gary Rohan",47400,-4700,-2000,0,2000,3600,2024,8
"CD_I291800","Tom Stewart",85200,-2900,-5800,-3800,-1800,-200,2024,8
"CD_I292511","Zach Tuohy",63200,-1000,-2100,-100,1900,3500,2024,8
"CD_I293845","Jeremy Cameron",85100,-1900,-4700,-2700,-700,900,2024,8
"CD_I296291","Jake Kolodjashnij",49700,-200,-600,1400,3400,5000,2024,8
"CD_I296733","Mark Blicavs",65800,-1900,-3300,-1300,700,2300,2024,8
"CD_I994386","Tom Atkins",65900,400,-900,1100,3200,4800,2024,8
"CD_I997230","Tyson Stengle",65000,100,-1100,900,2900,4500,2024,8
"CD_I998260","Jack Bowes",72600,900,-1400,600,2600,4200,2024,8
"CD_I999326","Brad Close",56700,-800,-1500,500,2500,4100,2024,8
"CD_I1006143","Max King",58900,-4200,-4800,-2800,-800,800,2024,8
"CD_I1008312","Liam Stocker",50400,-1100,-1000,1000,3000,4700,2024,8
"CD_I1011994","Ryan Byrnes",62000,-2700,-3800,-1800,200,1800,2024,8
"CD_I1015507","Nasiah Wanganeen-Milera",90600,-300,-3900,-1900,100,1700,2024,8
"CD_I1020137","Mattaes Phillipou",47500,-3300,-3200,-1200,800,2400,2024,8
"CD_I1023270","Marcus Windhager",76000,2500,0,2100,4100,5700,2024,8
"CD_I1023272","Mitch Owens",59800,-1600,-2300,-300,1700,3300,2024,8
"CD_I1027790","Hugo Garcia",38100,2800,2600,4600,6600,8200,2024,8
"CD_I1027872","Angus Hastie",22200,0,1800,3800,5800,7400,2024,8
"CD_I1027875","Darcy Wilson",62300,4000,2400,4400,6400,8000,2024,8
"CD_I290757","Jimmy Webster",63800,1000,-900,1100,3100,4700,2024,8
"CD_I293846","Sebastian Ross",78600,-1700,-4200,-2200,-200,1500,2024,8
"CD_I294596","Tim Membrey",59300,-800,-1500,500,2500,4100,2024,8
"CD_I295340","Mason Wood",78400,-4600,-5400,-3400,-1400,200,2024,8
"CD_I295584","Bradley Hill",89300,-200,-3300,-1300,700,2300,2024,8
"CD_I296205","Jack Steele",102600,-2400,-7000,-5000,-3000,-1400,2024,8
"CD_I296422","Callum Wilkie",65400,-1000,-2200,-200,1800,3400,2024,8
"CD_I990840","Jack Hayes",47800,5400,2400,4400,6400,8000,2024,8
"CD_I992468","Rowan Marshall",103600,-2200,-6700,-4700,-2700,-1100,2024,8
"CD_I993480","Dougal Howard",52900,1700,800,2800,4800,6400,2024,8
"CD_I994389","Jack Sinclair",93900,2800,-1000,1000,3000,4600,2024,8
"CD_I994599","Riley Bonner",80500,400,-2700,-700,1300,2900,2024,8
"CD_I998134","Josh Battle",69300,-200,-2200,-200,1900,3500,2024,8
"CD_I1002143","Ben McKay",55900,700,100,2100,4100,5700,2024,8
"CD_I1006096","Xavier Duursma",79000,-200,-2600,-600,1400,3100,2024,8
"CD_I1006103","Jye Caldwell",85000,-1700,-4400,-2400,-400,1200,2024,8
"CD_I1011755","Harrison Jones",53900,-1500,-1900,100,2100,3700,2024,8
"CD_I1012013","Nic Martin",103300,900,-3900,-1900,100,1700,2024,8
"CD_I1015810","Sam Durham",69600,800,-1000,1000,3000,4600,2024,8
"CD_I1015827","Nik Cox",57200,900,100,2100,4100,5700,2024,8
"CD_I1015873","Archie Perkins",74200,-1100,-3500,-1500,500,2200,2024,8
"CD_I1017088","Ben Hobbs",64000,-3600,-4300,-2300,-300,1300,2024,8
"CD_I1017933","Alwyn Davey Jnr",30500,-1000,800,2800,4800,6400,2024,8
"CD_I271129","Todd Goldstein",56100,200,-200,1800,3800,5400,2024,8
"CD_I290629","Dyson Heppell",78500,-1400,-3900,-1900,100,1700,2024,8
"CD_I293884","Jake Stringer",63600,-700,-2000,0,2000,3600,2024,8
"CD_I297473","Jake Kelly",61400,1100,-100,1900,3900,5500,2024,8
"CD_I298280","Jayden Laverde",55600,100,-300,1700,3700,5300,2024,8
"CD_I298289","Peter Wright",56300,400,-300,1700,3700,5300,2024,8
"CD_I298421","Jade Gresham",58300,-700,-1300,700,2700,4300,2024,8
"CD_I298630","Kyle Langford",68100,700,-900,1100,3100,4800,2024,8
"CD_I992016","Zach Merrett",112200,-800,-6100,-4100,-2100,-500,2024,8
"CD_I993817","Darcy Parish",94100,2600,-1100,900,2900,4500,2024,8
"CD_I996232","Matt Guelfi",50900,-200,-300,1700,3700,5300,2024,8
"CD_I997078","Mason Redman",75200,-1900,-3900,-1900,100,1700,2024,8
"CD_I998102","Andrew McGrath",87500,400,-3000,-1000,1000,2600,2024,8
"CD_I1003203","Hayden McLean",62900,800,-100,1900,3900,5500,2024,8
"CD_I1006028","Nick Blakey",83600,-1000,-3900,-1900,200,1800,2024,8
"CD_I1006126","James Rowbottom",83400,700,-2300,-300,1700,3300,2024,8
"CD_I1006232","Sam Wicks",45200,-300,500,2500,4500,6100,2024,8
"CD_I1008091","Joel Amartey",41900,-2000,-1100,900,2900,4500,2024,8
"CD_I1008198","Tom McCartin",43200,-1000,-500,1500,3500,5100,2024,8
"CD_I1011936","Justin McInerney",78500,-200,-2600,-600,1400,3000,2024,8
"CD_I1012014","Chad Warner",95600,-100,-4000,-2000,0,1600,2024,8
"CD_I1012210","Matt Roberts",69600,-100,-2300,-300,1700,3300,2024,8
"CD_I1013128","Errol Gulden",104300,-500,-4800,-2800,-800,800,2024,8
"CD_I1013230","Logan McDonald",57300,-700,-1400,600,2600,4200,2024,8
"CD_I1013409","James Jordon",64700,500,-1100,900,2900,4500,2024,8
"CD_I290307","Dane Rampe",51800,-500,-600,1400,3400,5000,2024,8
"CD_I291776","Taylor Adams",74200,-1400,-3300,-1300,700,2300,2024,8
"CD_I291848","Robbie Fox",56100,-700,-1200,800,2800,4400,2024,8
"CD_I291978","Harry Cunningham",51500,1500,1100,3100,5100,6700,2024,8
"CD_I293957","Brodie Grundy",95400,2400,-1700,300,2300,3900,2024,8
"CD_I295342","Jake Lloyd",76800,-500,-2400,-400,1600,3200,2024,8
"CD_I298539","Isaac Heeney",104100,-1000,-6000,-4000,-2000,-400,2024,8
"CD_I996743","Lewis Melican",40700,900,1600,3600,5600,7200,2024,8
"CD_I996765","Tom Papley",63400,-1400,-2900,-900,1100,2700,2024,8
"CD_I997100","Will Hayward",67200,2300,700,2700,4700,6300,2024,8
"CD_I998103","Oliver Florent",78900,-300,-2600,-600,1400,3000,2024,8
"CD_I1002232","Andrew Brayshaw",100100,-300,-4600,-2600,-600,1000,2024,8
"CD_I1006152","Jordan Clark",86400,400,-3000,-1000,1000,2600,2024,8
"CD_I1009256","Hayden Young",98100,1000,-3200,-1200,800,2400,2024,8
"CD_I1009380","Jeremy Sharp",64200,600,-1200,800,2800,4400,2024,8
"CD_I1009399","Luke Jackson",77600,-2000,-4600,-2600,-600,1000,2024,8
"CD_I1009410","Brandon Walker",43200,1200,1400,3400,5400,7000,2024,8
"CD_I1009420","Caleb Serong",107600,1600,-3800,-1800,200,1800,2024,8
"CD_I1012819","Josh Treacy",73400,1600,-600,1400,3400,5000,2024,8
"CD_I1013224","Heath Chapman",55900,1200,0,2000,4100,5700,2024,8
"CD_I1016825","Matthew Johnson",55500,1400,600,2600,4600,6200,2024,8
"CD_I1020594","Jye Amiss",46500,-200,-100,1900,3900,5500,2024,8
"CD_I1020668","Joshua Draper",30500,1100,2400,4400,6400,8000,2024,8
"CD_I1020695","Tom Emmett",41400,-400,500,2500,4500,6100,2024,8
"CD_I1027656","Cooper Simpson",22600,0,2100,4100,6100,7700,2024,8
"CD_I281007","Michael Walters",49700,800,500,2500,4500,6100,2024,8
"CD_I291570","Nat Fyfe",69700,-600,-2300,-300,1700,3300,2024,8
"CD_I294613","Jaeger O'Meara",47500,300,1000,3000,5000,6600,2024,8
"CD_I295067","James Aish",78900,200,-2800,-800,1200,2900,2024,8
"CD_I298409","Alex Pearce",52900,-100,-500,1500,3500,5100,2024,8
"CD_I998145","Sean Darcy",91300,-3200,-5900,-3900,-1900,-200,2024,8
"CD_I998180","Bailey Banfield",63000,700,-600,1400,3400,5000,2024,8
"CD_I998659","Luke Ryan",96600,2400,-2000,0,2000,3600,2024,8
"CD_I999321","Michael Frederick",56200,100,-500,1500,3500,5100,2024,8
"CD_I1002251","Brent Daniels",76000,-400,-2100,0,2000,3600,2024,8
"CD_I1004530","Jacob Wehr",53900,-700,-1100,900,2900,4500,2024,8
"CD_I1005247","Sam Taylor",52100,-1300,-1500,500,2500,4100,2024,8
"CD_I1006013","James Peatling",49300,5300,5000,7000,9000,10600,2024,8
"CD_I1008083","Connor Idun",67000,-900,-2400,-400,1600,3200,2024,8
"CD_I1008123","Jake Riccardi",56000,-500,-1000,1000,3000,4600,2024,8
"CD_I1008139","Toby Bedford",52100,-1800,-1800,200,2200,3800,2024,8
"CD_I1008436","Kieren Briggs",81000,-700,-2900,-900,1100,2700,2024,8
"CD_I1009253","Lachie Ash",73500,-600,-2400,-400,1600,3200,2024,8
"CD_I1009528","Tom Green",95700,-5200,-9000,-7000,-5000,-3400,2024,8
"CD_I1009708","Jack Buckley",64200,-600,-1800,200,2200,3800,2024,8
"CD_I1014038","Callum M. Brown",45600,-800,-700,1300,3300,4900,2024,8
"CD_I1019038","Aaron Cadman",46900,100,-100,1900,3900,5500,2024,8
"CD_I1020650","Darcy Jones",31200,5800,4700,6700,8700,10300,2024,8
"CD_I1023266","Finn Callaghan",77000,2300,-200,1800,3800,5400,2024,8
"CD_I1027925","Harvey Thomas",47700,500,500,2500,4500,6100,2024,8
"CD_I280109","Callan Ward",66800,1000,-400,1600,3600,5300,2024,8
"CD_I294305","Lachie Whitfield",98100,-3400,-7500,-5500,-3500,-1900,2024,8
"CD_I295344","Toby Greene",75100,-2100,-3800,-1800,200,1800,2024,8
"CD_I296324","Jesse Hogan",71500,-2800,-4800,-2800,-800,800,2024,8
"CD_I296347","Josh Kelly",99700,200,-4000,-2000,0,1600,2024,8
"CD_I993107","Harry Himmelberg",74800,600,-1600,400,2400,4000,2024,8
"CD_I998205","Harry Perryman",72700,1100,-900,1100,3100,4700,2024,8
"CD_I1000223","Liam Baker",83500,-600,-3400,-1400,600,2200,2024,8
"CD_I1000981","Daniel Rioli",77600,-400,-2400,-400,1600,3200,2024,8
"CD_I1002403","Ben Miller",55100,0,-700,1300,3300,4900,2024,8
"CD_I1008478","Rhyan Mansell",46900,-2100,-2000,0,2000,3600,2024,8
"CD_I1008747","Mykelti Lefau",42200,3300,3300,5300,7300,8900,2024,8
"CD_I1009226","Thomson Dow",50800,1100,1000,3000,5000,6600,2024,8
"CD_I1009551","Maurice Rioli",44900,300,800,2800,4800,6400,2024,8
"CD_I1011985","Hugo Ralphsmith",48700,4100,2700,4700,6700,8300,2024,8
"CD_I1013197","Sam Banks",38600,-400,700,2700,4700,6300,2024,8
"CD_I1017086","Tom Brown",50700,1700,1300,3300,5300,6900,2024,8
"CD_I1017114","Tyler Sonsie",45600,300,600,2600,4600,6200,2024,8
"CD_I1018433","Tylar Young",37300,2000,3000,5000,7000,8600,2024,8
"CD_I1023275","Seth Campbell",44900,-700,-700,1300,3400,5000,2024,8
"CD_I280819","Dylan Grimes",31400,-500,1100,3100,5200,6800,2024,8
"CD_I290847","Dustin Martin",79300,-900,-3100,-1100,900,2500,2024,8
"CD_I294592","Kamdyn McIntosh",41400,-3100,-2300,-300,1700,3300,2024,8
"CD_I294674","Nick Vlastuin",85600,200,-3000,-1000,1000,2600,2024,8
"CD_I295203","Nathan Broad",60900,1400,500,2500,4500,6100,2024,8
"CD_I298144","Sam Naismith",55200,-2800,-2600,-600,1400,3000,2024,8
"CD_I298174","Toby Nankervis",92300,-2300,-5600,-3600,-1600,0,2024,8
"CD_I992049","Jayden Short",75900,-1500,-3600,-1600,400,2000,2024,8
"CD_I993771","Marlion Pickett",57500,900,100,2100,4100,5700,2024,8
"CD_I993993","Shai Bolton",86800,-3100,-5600,-3600,-1600,0,2024,8
"CD_I1001438","Bayley Fritsch",51400,200,100,2100,4100,5700,2024,8
"CD_I1005330","Kade Chandler",61500,-1300,-2300,-300,1700,3400,2024,8
"CD_I1008541","Kysaiah Pickett",63100,1000,-300,1700,3700,5300,2024,8
"CD_I1008893","Harrison Petty",44900,-100,100,2100,4100,5700,2024,8
"CD_I1009378","Trent Rivers",76400,-500,-2700,-700,1300,2900,2024,8
"CD_I1012826","Bailey Laurie",22500,-300,1400,3400,5400,7000,2024,8
"CD_I1017122","Blake Howes",50000,1900,1200,3200,5200,6800,2024,8
"CD_I1017703","Judd McVee",57300,1200,100,2100,4100,5700,2024,8
"CD_I1017720","Jacob van Rooyen",47700,-1400,-1300,700,2700,4300,2024,8
"CD_I1018425","Taj Woewodin",31900,2700,4000,6000,8000,9600,2024,8
"CD_I1020959","Daniel Turner",40800,1500,1300,3300,5300,6900,2024,8
"CD_I1027821","Caleb Windsor",51100,3500,2900,4900,6900,8500,2024,8
"CD_I281085","Steven May",76900,3100,400,2400,4400,6000,2024,8
"CD_I290528","Max Gawn",116300,-600,-6200,-4200,-2200,-600,2024,8
"CD_I291533","Tom McDonald",56800,800,-100,1900,4000,5600,2024,8
"CD_I291902","Jack Viney",83400,-1400,-4200,-2200,-200,1400,2024,8
"CD_I296351","Jack Billings",60500,300,-800,1200,3200,4800,2024,8
"CD_I296420","Alex Neal-Bullen",72100,-1000,-2900,-900,1100,2700,2024,8
"CD_I298210","Christian Petracca",89500,-2700,-6000,-4000,-2000,-400,2024,8
"CD_I298264","Ed Langdon",74800,1800,-500,1600,3600,5200,2024,8
"CD_I298281","Jake Lever",66300,3200,1800,3800,5800,7400,2024,8
"CD_I996701","Clayton Oliver",80100,-1100,-3600,-1600,400,2000,2024,8
"CD_I999391","Tom Sparrow",67500,400,-1100,900,2900,4500,2024,8
"CD_I1004364","Liam Ryan",50900,-4500,-2900,-900,1100,2700,2024,8
"CD_I1006114","Bailey J. Williams",62000,-1000,-2000,0,2000,3600,2024,8
"CD_I1006550","Jack Petruccelle",60900,400,-500,1500,3500,5100,2024,8
"CD_I1006576","Luke Edwards",38900,0,800,2800,4800,6400,2024,8
"CD_I1017057","Campbell Chesser",37200,-100,900,3000,5000,6600,2024,8
"CD_I1020371","Jack Williams",39300,2500,3100,5100,7100,8700,2024,8
"CD_I1023025","Reuben Ginbey",57100,-1000,-1700,300,2300,3900,2024,8
"CD_I1023167","Brady Hough",53700,-100,-600,1400,3400,5000,2024,8
"CD_I1023492","Harley Reid",58100,1800,700,2700,4700,6300,2024,8
"CD_I1023496","Noah Long",44300,-1000,-500,1500,3500,5100,2024,8
"CD_I1027969","Harvey Johnston",22200,0,1300,3300,5300,6900,2024,8
"CD_I290826","Jamie Cripps",67000,-700,-2200,-200,1800,3400,2024,8
"CD_I290838","Jack Darling",53400,200,100,2100,4100,5700,2024,8
"CD_I292128","Elliot Yeo",85000,-1900,-5000,-3000,-1000,600,2024,8
"CD_I294859","Jeremy McGovern",75800,-1600,-4100,-2100,-100,1500,2024,8
"CD_I295898","Tim Kelly",88500,-1100,-4000,-2000,0,1600,2024,8
"CD_I296296","Dom Sheed",64100,-8100,-6200,-4200,-2200,-600,2024,8
"CD_I298268","Liam Duggan",95300,-600,-4400,-2400,-400,1200,2024,8
"CD_I990290","Tom Barrass",50500,1800,1700,3700,5800,7400,2024,8
"CD_I993820","Tom Cole",63700,-400,-1500,500,2500,4100,2024,8
"CD_I996554","Jake Waterman",86200,300,-2500,-500,1500,3100,2024,8
"CD_I997823","Josh Rotham",46300,-100,100,2100,4100,5700,2024,8
"CD_I998128","Alex Witherden",64200,-1300,-2000,0,2000,3600,2024,8
"CD_I1000068","Chris Burgess",33400,1200,1900,3900,5900,7500,2024,8
"CD_I1000998","Lachlan Murphy",52000,-5300,-3900,-1900,100,1700,2024,8
"CD_I1008159","Will Hamill",29200,500,1900,3900,5900,7500,2024,8
"CD_I1008230","Nick Murray",39900,-3300,700,2700,4700,6300,2024,8
"CD_I1008384","Riley Thilthorpe",52900,-4400,-400,1600,3600,5200,2024,8
"CD_I1008543","Harry Schoenberg",50700,-4200,-200,1800,3800,5400,2024,8
"CD_I1008752","Kieran Strachan",46600,-3900,100,2100,4100,5700,2024,8
"CD_I1009029","James Borlase",39400,1600,1800,3800,5800,7400,2024,8
"CD_I1012218","Luke Pedlar",41200,-4800,-2800,-800,1200,2800,2024,8
"CD_I1012807","Sam Berry",51300,-3900,-3300,-1300,700,2300,2024,8
"CD_I1013153","Patrick Parnell",40000,-1100,200,2200,4200,5800,2024,8
"CD_I1015329","Billy Dowling",22200,0,2200,4200,6200,7800,2024,8
"CD_I1017065","Zac Taylor",22200,0,2200,4200,6200,7800,2024,8
"CD_I1018075","Lachlan Gollant",35100,-2500,-400,1600,3600,5200,2024,8
"CD_I1023534","Hugh Bond",22200,0,2200,4200,6200,7800,2024,8
"CD_I1027893","Oscar Ryan",24600,-2000,2000,4000,6000,7600,2024,8
"CD_I1028671","Charlie Edwards",26600,-2200,1800,3800,5800,7400,2024,8
"CD_I1035372","Karl Gallagher",22200,0,2200,4200,6200,7800,2024,8
"CD_I270963","Rory Sloane",74500,-6200,-2200,-200,1800,3400,2024,8
"CD_I990882","Wayne Milera",68400,-2400,-3300,-1300,700,2300,2024,8
"CD_I1000932","Tom Doedee",55500,-4600,-600,1400,3400,5000,2024,8
"CD_I1002312","Zac Bailey",73800,1300,-1000,1000,3000,4600,2024,8
"CD_I1002401","Brandon Starcevich",46000,-1000,-100,1900,3900,5500,2024,8
"CD_I1003520","Darragh Joyce",30600,-2600,1500,3500,5500,7100,2024,8
"CD_I1006059","Keidean Coleman",66700,-5100,-3800,-1800,200,1800,2024,8
"CD_I1009385","Deven Robertson",35900,-2000,-100,1900,3900,5500,2024,8
"CD_I1009386","Jaxon Prior",46800,-3900,100,2100,4100,5700,2024,8
"CD_I1012127","Brandon Ryan",30500,-2500,1500,3500,5500,7100,2024,8
"CD_I1013260","Carter Michael",32900,-2700,1300,3300,5300,6900,2024,8
"CD_I1013978","James Madden",25800,-2200,1900,3900,5900,7500,2024,8
"CD_I1016189","Henry Smith",22200,0,2200,4200,6200,7800,2024,8
"CD_I1018296","Kalin Lane",22200,0,2200,4200,6200,7800,2024,8
"CD_I1021108","James Tunstill",26000,-1200,1300,3300,5300,6900,2024,8
"CD_I1023517","Will Ashcroft",82900,-6900,-2900,-900,1100,2700,2024,8
"CD_I1024187","Reece Torrent",22200,0,2200,4200,6200,7800,2024,8
"CD_I1027985","Luke Lloyd",22200,0,2200,4200,6200,7800,2024,8
"CD_I1028105","Shadeau Brain",22200,0,2200,4200,6200,7800,2024,8
"CD_I1032650","Zane Zakostelsky",22200,0,2200,4200,6200,7800,2024,8
"CD_I293716","Jarryd Lyons",82100,-3400,-5300,-3300,-1300,300,2024,8
"CD_I298211","Darcy Fort",54000,3000,1400,3400,5400,7000,2024,8
"CD_I298437","Callum Ah Chee",45100,-3500,-3200,-1200,800,2400,2024,8
"CD_I1002922","Jack Bytel",30400,-2500,1500,3500,5500,7100,2024,8
"CD_I1005107","Nathan Murphy",44200,-3700,300,2300,4300,5900,2024,8
"CD_I1008239","Joe Richards",22200,0,2200,4200,6200,7800,2024,8
"CD_I1009197","Charlie Dean",26600,3200,3700,5700,7700,9300,2024,8
"CD_I1012828","Finlay Macrae",30500,-1400,600,2600,4600,6200,2024,8
"CD_I1012873","Wil Parker",22200,0,2200,4200,6200,7800,2024,8
"CD_I1013278","Reef McInnes",34600,-1600,-400,1600,3600,5300,2024,8
"CD_I1015712","Josh Eyre",22200,0,2200,4200,6200,7800,2024,8
"CD_I1015748","Aiden Begg",30600,-2600,1500,3500,5500,7100,2024,8
"CD_I1020104","Jakob Ryan",22200,0,2200,4200,6200,7800,2024,8
"CD_I1022844","Oscar Steene",22200,0,2200,4200,6200,7800,2024,8
"CD_I1022915","Edward Allan",22200,0,2200,4200,6200,7800,2024,8
"CD_I1027021","Josh Carmichael",39400,-3300,700,2700,4700,6300,2024,8
"CD_I1027673","Harry DeMattia",25300,-2100,1900,3900,5900,7500,2024,8
"CD_I1032017","Tew Jiath",22200,0,2200,4200,6200,7800,2024,8
"CD_I291856","Tom Mitchell",83100,-1300,-3600,-1500,500,2100,2024,8
"CD_I297504","Daniel McStay",53800,-4500,-500,1500,3500,5100,2024,8
"CD_I994185","Jordan De Goey",80800,2100,-300,1700,3700,5300,2024,8
"CD_I997254","Nathan Kreuger",28900,-2400,1600,3600,5600,7200,2024,8
"CD_I997974","Ash Johnson",38500,-5000,-2100,-100,1900,3500,2024,8
"CD_I1005986","Malcolm Rosas",49400,-1400,-1400,600,2600,4200,2024,8
"CD_I1005992","Joel Jeffrey",50600,-4200,-200,1800,3800,5400,2024,8
"CD_I1006087","Caleb Graham",26500,-2200,1800,3800,5800,7400,2024,8
"CD_I1008454","Connor Budarick",57300,-800,-1400,600,2600,4200,2024,8
"CD_I1009189","Jack Mahony",36100,-3000,1000,3000,5000,6600,2024,8
"CD_I1009320","Hewago Oea",36200,-3000,1000,3000,5000,6600,2024,8
"CD_I1013268","Alex Davies",53800,-4500,-500,1500,3500,5100,2024,8
"CD_I1013315","Sandy Brock",22200,0,2200,4200,6200,7800,2024,8
"CD_I1017089","Oskar Faulkhead",22200,0,2200,4200,6200,7800,2024,8
"CD_I1017665","Bodhi Uwland",38100,400,1000,3000,5100,6700,2024,8
"CD_I1019939","William Rowlands",22200,0,2200,4200,6200,7800,2024,8
"CD_I1021013","Ned Moyle",44200,5100,2600,4600,6600,8200,2024,8
"CD_I1023500","Bailey Humphrey",46500,-400,0,2000,4000,5600,2024,8
"CD_I1024666","Lloyd Johnston",33400,-2800,1200,3200,5200,6800,2024,8
"CD_I281124","Levi Casboult",50200,-1800,-1300,700,2700,4400,2024,8
"CD_I291753","Sam Day",35200,4800,3200,5200,7200,8800,2024,8
"CD_I293713","Brandon Ellis",65700,-5500,-5200,-3200,-1200,400,2024,8
"CD_I294013","Sean Lemmens",42300,-3500,500,2500,4500,6100,2024,8
"CD_I294643","Alex Sexton",52200,2000,800,2800,4800,6400,2024,8
"CD_I296280","James Tsitas",22200,0,2200,4200,6200,7800,2024,8
"CD_I298524","Lachie Weller",81300,-6800,-2800,-800,1200,2800,2024,8
"CD_I996464","Darcy Macpherson",60600,-11100,-7500,-5500,-3500,-1900,2024,8
"CD_I999715","Jy Farrar",49800,-4200,-100,1900,3900,5500,2024,8
"CD_I1001028","Jack Silvagni",63400,-5300,-1300,700,2700,4300,2024,8
"CD_I1002228","Lachie Fogarty",59900,-1300,-2100,-100,1900,3500,2024,8
"CD_I1009241","Brodie Kemp",71500,-1100,-2900,-900,1100,2700,2024,8
"CD_I1013233","Jack Carroll",41800,-1900,-1500,500,2500,4100,2024,8
"CD_I1015830","Domanic Akuei",22200,0,2200,4200,6200,7800,2024,8
"CD_I1017700","Jesse Motlop",49700,-4100,-100,1900,3900,5500,2024,8
"CD_I1020072","Harry Lemmey",22200,0,2200,4200,6200,7800,2024,8
"CD_I1020097","Ashton Moir",23900,-1700,2000,4000,6000,7600,2024,8
"CD_I1023446","Alex Mirkov",22200,0,2200,4200,6200,7800,2024,8
"CD_I1023489","Hudson O'Keeffe",22200,0,2200,4200,6200,7800,2024,8
"CD_I1023495","Oliver Hollands",50300,-1600,-1600,400,2400,4000,2024,8
"CD_I1023533","Jaxon Binns",22200,0,1100,3100,5100,6700,2024,8
"CD_I1027678","Billy Wilson",22200,0,2200,4200,6200,7800,2024,8
"CD_I1027964","Matthew Carroll",22200,0,2200,4200,6200,7800,2024,8
"CD_I1035129","Rob Monahan",22200,0,2200,4200,6200,7800,2024,8
"CD_I295461","Adam Saad",72500,-2400,-4000,-2000,0,1600,2024,8
"CD_I295518","Sam Docherty",99800,-8000,-7900,-5900,-3900,-2300,2024,8
"CD_I296190","Jack Martin",54100,-4500,-500,1500,3500,5100,2024,8
"CD_I297255","Mitch McGovern",73600,-2000,-4000,-2000,0,1600,2024,8
"CD_I297767","Sam Durdin",23100,-900,2100,4100,6100,7700,2024,8
"CD_I298302","Caleb Marchbank",44800,-4600,-1700,300,2300,3900,2024,8
"CD_I1000061","Callum Coleman-Jones",42300,-4300,-2400,-400,1600,3200,2024,8
"CD_I1004848","Dylan Stephens",48200,-600,-500,1500,3600,5200,2024,8
"CD_I1005729","Tarryn Thomas",79300,-6600,-2600,-600,1400,3000,2024,8
"CD_I1006137","Curtis Taylor",61300,-5100,-1100,900,2900,4500,2024,8
"CD_I1006193","Bigoa Nyuon",38100,5400,4200,6200,8200,9800,2024,8
"CD_I1012144","Kallan Dawson",42100,-600,100,2100,4100,5700,2024,8
"CD_I1012829","Will Phillips",61200,-4700,-3900,-1900,100,1700,2024,8
"CD_I1012833","Eddie Ford",48300,-600,-200,1800,3800,5400,2024,8
"CD_I1012852","Charlie Lazzaro",45000,400,400,2400,4400,6000,2024,8
"CD_I1017095","Miller Bergman",44900,-3700,300,2300,4300,5900,2024,8
"CD_I1017118","Josh Goater",52600,-3300,-1800,200,2200,3800,2024,8
"CD_I1020627","Hamish Free",22200,0,2200,4200,6200,7800,2024,8
"CD_I1020979","Cooper Harvey",35300,-2900,1100,3100,5100,6700,2024,8
"CD_I1023144","Robert Hansen Jr",22200,0,2200,4200,6200,7800,2024,8
"CD_I1023544","Brayden George",22200,0,2200,4200,6200,7800,2024,8
"CD_I1028551","Wil Dawson",26300,-2200,1800,3800,5800,7400,2024,8
"CD_I1031506","Taylor Goad",26900,-2200,1800,3800,5800,7400,2024,8
"CD_I1031792","Finnbar Maley",22200,0,2200,4200,6200,7800,2024,8
"CD_I1031819","Tyler Sellers",22200,0,0,1800,3800,5400,2024,8
"CD_I281091","Hugh Greenwood",59000,-900,-1500,500,2500,4100,2024,8
"CD_I997933","Griffin Logue",51900,-4300,-300,1700,3700,5300,2024,8
"CD_I1012881","Ollie Lord",35000,-2900,1100,3100,5100,6700,2024,8
"CD_I1014013","Lachlan Charleson",22200,0,2200,4200,6200,7800,2024,8
"CD_I1015330","Hugh Jackson",22200,0,2200,4200,6200,7800,2024,8
"CD_I1017078","Josh Sinn",28400,-2400,1600,3600,5700,7300,2024,8
"CD_I1017128","Dante Visentini",31300,-2600,1400,3400,5400,7000,2024,8
"CD_I1017255","Francis Evans",35000,-1400,300,2300,4300,5900,2024,8
"CD_I1020066","Thomas Scully",22200,0,2200,4200,6200,7800,2024,8
"CD_I1021276","Kyle Marshall",22200,0,2200,4200,6200,7800,2024,8
"CD_I1021296","Tom McCallum",22200,0,2200,4200,6200,7800,2024,8
"CD_I1027870","Tom Anastasopoulos",22200,0,2200,4200,6200,7800,2024,8
"CD_I1029158","Xavier Walsh",22200,0,2200,4200,6200,7800,2024,8
"CD_I1029262","Will Lorenz",22200,0,2200,4200,6200,7800,2024,8
"CD_I290527","Trent McKenzie",42500,-3500,500,2500,4500,6100,2024,8
"CD_I294469","Aliir Aliir",52000,-2100,-2300,-300,1700,3300,2024,8
"CD_I294504","Tom Clurey",33800,-2800,1200,3200,5200,6800,2024,8
"CD_I298111","Jeremy Finlayson",71300,800,-1200,800,2800,4400,2024,8
"CD_I993979","Sam Powell-Pepper",58900,-900,-1400,600,2600,4200,2024,8
"CD_I998529","Ivan Soldo",74400,-2200,-4200,-2200,-200,1400,2024,8
"CD_I999824","Quinton Narkle",45300,-3800,200,2200,4200,5800,2024,8
"CD_I1005717","Nick Coffield",37100,-3300,-1200,800,2800,4400,2024,8
"CD_I1006127","Rhylee West",61800,100,-1100,900,2900,4500,2024,8
"CD_I1006130","Bailey Smith",83300,-6900,-2900,-900,1100,2700,2024,8
"CD_I1009015","Lachlan McNeil",28100,800,2000,4000,6000,7700,2024,8
"CD_I1011589","Caleb Poulter",48300,-5100,-3000,-1000,1000,2600,2024,8
"CD_I1011803","Cody Weightman",59300,-3700,-4500,-2500,-500,1100,2024,8
"CD_I1013996","Jordan Croft",28600,-2400,1600,3600,5600,7200,2024,8
"CD_I1015822","Dominic Bedendo",29000,-2400,1600,3600,5600,7200,2024,8
"CD_I1015929","Luke Cleary",46000,-3800,200,2200,4200,5800,2024,8
"CD_I1017939","Ryley Sanders",55300,-1400,-2500,-500,1500,3100,2024,8
"CD_I1020586","Arthur Jones",33700,-2800,1200,3200,5200,6800,2024,8
"CD_I1023017","Jedd Busslinger",22200,0,2200,4200,6200,7800,2024,8
"CD_I1024064","Aiden O'Driscoll",22200,0,2200,4200,6200,7800,2024,8
"CD_I1027702","Lachlan Smith",22200,0,2200,4200,6200,7800,2024,8
"CD_I1027704","Joel Freijah",22200,0,2200,4200,6200,7800,2024,8
"CD_I290797","Alex Keath",51400,-4300,-300,1700,3700,5300,2024,8
"CD_I295136","Caleb Daniel",67500,-3700,-4100,-2100,-100,1500,2024,8
"CD_I990740","Rory Lobb",54300,-1800,-1600,400,2400,4000,2024,8
"CD_I992048","Anthony Scott",48500,-4000,0,2000,4000,5600,2024,8
"CD_I997501","Ryan Gardner",38800,-3200,800,2800,4800,6400,2024,8
"CD_I1000887","Mitch Lewis",62100,-5000,-4500,-2500,-500,1100,2024,8
"CD_I1001024","Ned Reeves",58800,-1700,-1900,100,2100,3700,2024,8
"CD_I1004948","Cooper Stephens",36300,-3000,1000,3000,5000,6600,2024,8
"CD_I1005052","Ethan Phillips",22200,0,2200,4200,6200,7800,2024,8
"CD_I1010708","Sam Butler",39700,-2700,-800,1200,3200,4800,2024,8
"CD_I1011839","James Blanck",24300,-2000,2000,4000,6000,7600,2024,8
"CD_I1013093","Denver Grainger-Barras",30500,-2500,1500,3500,5500,7100,2024,8
"CD_I1017091","Jai Serong",33700,-2400,-300,1700,3700,5300,2024,8
"CD_I1018016","Seamus Mitchell",48400,-3500,-2300,-300,1700,3300,2024,8
"CD_I1018106","Joshua Bennetts",22200,0,2200,4200,6200,7800,2024,8
"CD_I1022410","William McCabe",27300,-2300,1700,3700,5700,7300,2024,8
"CD_I1022473","Bodie Ryan",22200,0,2200,4200,6200,7800,2024,8
"CD_I1023531","Jack O'Sullivan",22200,0,2200,4200,6200,7800,2024,8
"CD_I1023680","Henry Hustwaite",34700,-3600,-1400,600,2600,4200,2024,8
"CD_I1027837","Clay Tucker",22200,0,2200,4200,6200,7800,2024,8
"CD_I1027965","Max Ramsden",29000,0,1300,3300,5300,6900,2024,8
"CD_I1029261","Bailey Macdonald",39900,-3300,700,2700,4700,6300,2024,8
"CD_I280744","Luke Breust",55100,-3200,-2800,-800,1200,2800,2024,8
"CD_I291962","Chad Wingard",60400,-5000,-1000,1000,3000,4600,2024,8
"CD_I994077","Mabior Chol",54900,400,-300,1700,3700,5300,2024,8
"CD_I998390","Changkuoth Jiath",62500,-5200,-1200,800,2800,4400,2024,8
"CD_I1005150","Emerson Jeka",32200,-2700,1300,3300,5300,6900,2024,8
"CD_I1007102","Mark O'Connor",58900,-500,-1300,700,2800,4400,2024,8
"CD_I1008825","Mitch Hardie",22200,0,2200,4200,6200,7800,2024,8
"CD_I1011633","James Willis",22200,0,2200,4200,6200,7800,2024,8
"CD_I1011944","Joe Furphy",22200,0,2200,4200,6200,7800,2024,8
"CD_I1013464","Lawson Humphries",22200,0,2200,4200,6200,7800,2024,8
"CD_I1016433","Shannon Neale",41200,5400,3000,5000,7000,8600,2024,8
"CD_I1017063","Toby Conway",42600,5500,3700,5700,7700,9300,2024,8
"CD_I1019945","Phoenix Foster",22200,0,2200,4200,6200,7800,2024,8
"CD_I1020881","Oliver Wiltshire",22200,0,2200,4200,6200,7800,2024,8
"CD_I1021103","Mitch Knevitt",44200,-6600,-2600,-600,1400,3000,2024,8
"CD_I1023542","Ted Clohesy",22200,0,2200,4200,6200,7800,2024,8
"CD_I1023681","George Stevens",22200,0,2200,4200,6200,7800,2024,8
"CD_I1024304","Mitchell Edwards",22900,-700,2100,4100,6100,7700,2024,8
"CD_I1024982","Oisin Mullin",29000,2000,2800,4800,6800,8400,2024,8
"CD_I1027852","Oscar Murdoch",22200,0,2200,4200,6200,7800,2024,8
"CD_I1027877","Connor O'Sullivan",30600,1200,2000,4000,6000,7600,2024,8
"CD_I270917","Patrick Dangerfield",83400,-1800,-4600,-2600,-600,1000,2024,8
"CD_I293883","Jed Bews",40100,-3300,700,2700,4700,6300,2024,8
"CD_I298419","Brandan Parfitt",76100,-2800,-5000,-3000,-1000,600,2024,8
"CD_I993878","Shaun Mannagh",24200,1900,3200,5200,7200,8800,2024,8
"CD_I1002227","Jack Higgins",59800,-1200,-2100,-100,1900,3500,2024,8
"CD_I1002256","Paddy Dow",56700,-4700,-700,1300,3300,4900,2024,8
"CD_I1002264","Hunter Clark",67800,-5600,-1600,400,2400,4000,2024,8
"CD_I1004985","Ben Paton",54400,-4500,-500,1500,3500,5100,2024,8
"CD_I1005988","Liam Henry",72600,-3100,-3800,-1800,200,1800,2024,8
"CD_I1015323","Isaac Keeler",22200,0,2200,4200,6200,7800,2024,8
"CD_I1015714","Matthew Allison",22200,0,2200,4200,6200,7800,2024,8
"CD_I1015886","Max Heath",22200,0,2200,4200,6200,7800,2024,8
"CD_I1017077","Angus McLennan",22200,0,2200,4200,6200,7800,2024,8
"CD_I1017959","Lance Collard",22400,-200,700,2700,4700,6300,2024,8
"CD_I1018018","Cooper Sharman",43800,-1500,-1100,900,2900,4500,2024,8
"CD_I1023547","James Van Es",22200,0,2200,4200,6200,7800,2024,8
"CD_I1023784","Anthony Caminiti",48500,-1000,-900,1100,3100,4700,2024,8
"CD_I1024279","Arie Schoenmaker",22200,0,2200,4200,6200,7800,2024,8
"CD_I1027959","Olli Hotton",22200,0,2200,4200,6200,7800,2024,8
"CD_I1035198","Liam O'Connell",22200,0,2200,4200,6200,7800,2024,8
"CD_I290246","Tom Campbell",46600,-3900,100,2100,4100,5700,2024,8
"CD_I294307","Brad Crouch",99600,-6400,-7100,-5100,-3100,-1500,2024,8
"CD_I991939","Zaine Cordy",39200,-900,-100,2000,4000,5600,2024,8
"CD_I991988","Zak Jones",48100,-2300,-1700,300,2300,3900,2024,8
"CD_I992374","Dan Butler",43400,-5200,-3400,-1400,600,2200,2024,8
"CD_I1001026","Jordan Ridley",80800,-6700,-2700,-700,1300,2900,2024,8
"CD_I1005577","Sam Draper",53400,-1300,-1400,600,2600,4200,2024,8
"CD_I1008975","Kaine Baldwin",34400,-2900,1100,3100,5200,6800,2024,8
"CD_I1011954","Nick Bryan",51600,-4300,-300,1700,3700,5300,2024,8
"CD_I1012521","Tex Wanganeen",22200,0,2200,4200,6200,7800,2024,8
"CD_I1012817","Zach Reid",27200,-1600,1000,3000,5000,6600,2024,8
"CD_I1013201","Jye Menzie",34100,-2800,-1100,900,2900,4500,2024,8
"CD_I1017961","Jayden Davey",22200,0,2200,4200,6200,7800,2024,8
"CD_I1020424","Jaiden Hunter",22200,0,2200,4200,6200,7800,2024,8
"CD_I1023487","Lewis Hayes",22200,0,2200,4200,6200,7800,2024,8
"CD_I1023515","Archie Roberts",22200,0,2200,4200,6200,7800,2024,8
"CD_I1023785","Elijah Tsatas",47400,-3400,-2300,-300,1700,3300,2024,8
"CD_I1027706","Luamon Lual",22200,0,2200,4200,6200,7800,2024,8
"CD_I1027899","Nate Caddy",30200,-2500,1500,3500,5500,7100,2024,8
"CD_I1027966","Vigo Visentini",22200,0,2200,4200,6200,7800,2024,8
"CD_I291783","Dylan Shiel",69000,-5800,-1700,300,2300,3900,2024,8
"CD_I297452","Nick Hind",42400,-2600,-1200,800,2800,4400,2024,8
"CD_I993806","Sam Weideman",47400,-4000,100,2100,4100,5700,2024,8
"CD_I998215","Will Setterfield",96900,0,-4300,-2200,-200,1400,2024,8
"CD_I1008460","Harrison Arnold",22200,0,2200,4200,6200,7800,2024,8
"CD_I1009392","Jack Buller",22200,0,2200,4200,6200,7800,2024,8
"CD_I1013133","Braeden Campbell",46400,-3800,-3200,-1200,800,2400,2024,8
"CD_I1015457","Jaiden Magor",22200,0,2200,4200,6200,7800,2024,8
"CD_I1017757","William Edwards",22200,0,2200,4200,6200,7800,2024,8
"CD_I1018424","Corey Warner",23900,900,2500,4500,6500,8100,2024,8
"CD_I1020339","Angus Sheldrick",56800,-4700,-700,1300,3300,4900,2024,8
"CD_I1021200","Lachlan McAndrew",31900,-2700,1400,3400,5400,7000,2024,8
"CD_I1023498","Cooper Vickery",22200,0,2200,4200,6200,7800,2024,8
"CD_I1023530","Jacob Konstanty",22200,0,2200,4200,6200,7800,2024,8
"CD_I1024057","Caiden Cleary",25600,-2100,1900,3900,5900,7500,2024,8
"CD_I1024096","Caleb Mitchell",22200,0,1300,3300,5300,6900,2024,8
"CD_I1024685","Patrick Snell",22200,0,2200,4200,6200,7800,2024,8
"CD_I1027058","Indhi Kirk",22200,0,2200,4200,6200,7800,2024,8
"CD_I1027901","William Green",28200,-2400,1700,3700,5700,7300,2024,8
"CD_I290188","Sam Reid",51600,-4300,-300,1700,3700,5300,2024,8
"CD_I290778","Luke Parker",89900,-7500,-3500,-1500,500,2100,2024,8
"CD_I295222","Joel Hamling",35900,-3000,1000,3000,5000,6600,2024,8
"CD_I990816","Aaron Francis",44500,-3700,300,2300,4300,5900,2024,8
"CD_I993905","Callum Mills",84100,-7000,-3000,-1000,1000,2600,2024,8
"CD_I997142","Peter Ladhams",73900,-6200,-2100,-100,1900,3500,2024,8
"CD_I1005547","Josh Corbett",34800,-2900,1100,3100,5100,6700,2024,8
"CD_I1012048","Sebit Kuek",22200,0,2200,4200,6200,7800,2024,8
"CD_I1013220","Nathan O'Driscoll",56500,-4700,-700,1300,3300,4900,2024,8
"CD_I1013611","Sam Sturt",41800,-1900,-300,1700,3700,5300,2024,8
"CD_I1017754","Patrick Voss",24100,3200,3400,5400,7400,9000,2024,8
"CD_I1017970","Conrad Williams",22200,0,2200,4200,6200,7800,2024,8
"CD_I1019975","Jack Delean",22200,0,2200,4200,6200,7800,2024,8
"CD_I1020250","Neil Erasmus",38200,-4600,-2000,0,2000,3600,2024,8
"CD_I1021015","Karl Worner",31700,1300,1900,4000,6000,7600,2024,8
"CD_I1022927","Hugh Davies",22200,0,2200,4200,6200,7800,2024,8
"CD_I1023346","Liam Reidy",22200,0,2200,4200,6200,7800,2024,8
"CD_I1027701","Max Knobel",22200,0,2200,4200,6200,7800,2024,8
"CD_I1027990","Ollie Murphy",22200,0,2200,4200,6200,7800,2024,8
"CD_I1028371","Odin Jones",22200,0,2200,4200,6200,7800,2024,8
"CD_I1031801","Ethan Stanley",22200,0,2200,4200,6200,7800,2024,8
"CD_I293854","Matt Taberner",42000,-2500,-1500,500,2600,4200,2024,8
"CD_I992059","Sam Switkowski",62400,-1100,-2100,-100,1900,3500,2024,8
"CD_I992472","Oscar McDonald",34900,200,1200,3200,5200,6800,2024,8
"CD_I993940","Corey Wagner",70600,-5900,-1900,100,2100,3700,2024,8
"CD_I996580","Ethan Hughes",51600,-700,-900,1100,3100,4700,2024,8
"CD_I997033","Brennan Cox",66100,-6500,-4400,-2400,-400,1200,2024,8
"CD_I998129","Will Brodie",81100,-6800,-2700,-700,1300,2900,2024,8
"CD_I1001396","Isaac Cumming",68300,-5700,-1700,300,2300,3900,2024,8
"CD_I1006135","Xavier O'Halloran",50700,-500,-600,1400,3400,5000,2024,8
"CD_I1008691","Leek Aleer",34500,500,1400,3400,5400,7000,2024,8
"CD_I1015777","Ryan Angwin",38900,-3200,800,2800,4800,6400,2024,8
"CD_I1015862","Conor Stone",28400,-2400,1600,3600,5700,7300,2024,8
"CD_I1016140","Wade Derksen",22200,0,2200,4200,6200,7800,2024,8
"CD_I1017093","Cooper Hamilton",46200,-3800,200,2200,4200,5800,2024,8
"CD_I1017751","Josh Fahey",30700,-2600,1500,3500,5500,7100,2024,8
"CD_I1021122","Harry Rowston",26800,-2200,1800,3800,5800,7400,2024,8
"CD_I1023743","Nicholas Madden",22200,0,2200,4200,6200,7800,2024,8
"CD_I1027921","Max Gruzewski",22200,0,2200,4200,6200,7800,2024,8
"CD_I1027971","Toby McMullin",24400,3100,3400,5400,7400,9000,2024,8
"CD_I1032042","Phoenix Gothard",29600,-2500,1500,3500,5600,7200,2024,8
"CD_I1032119","James Leake",27900,-2300,1700,3700,5700,7300,2024,8
"CD_I1032629","Joe Fonti",22200,0,2200,4200,6200,7800,2024,8
"CD_I1034066","Nathan Wardius",22200,0,2200,4200,6200,7800,2024,8
"CD_I290314","Lachlan Keeffe",32300,-2700,1300,3300,5300,6900,2024,8
"CD_I291509","Adam Kennedy",53600,-4500,-500,1500,3600,5200,2024,8
"CD_I291969","Stephen Coniglio",95800,-2700,-6100,-4100,-2000,-400,2024,8
"CD_I295265","Nick Haynes",66600,-2900,-3500,-1500,500,2100,2024,8
"CD_I992644","Braydon Preuss",59900,-5000,-1000,1000,3000,4600,2024,8
"CD_I1002245","Noah Balta",69400,-1600,-3200,-1200,800,2400,2024,8
"CD_I1006030","Jacob Koschitzke",44200,-1700,-700,1300,3300,4900,2024,8
"CD_I1006133","Jack Ross",64100,300,-700,1300,3300,4900,2024,8
"CD_I1008616","Matthew Coulthard",27300,-2300,1700,3700,5700,7300,2024,8
"CD_I1009308","Noah Cumberland",61100,-5100,-1100,900,2900,4500,2024,8
"CD_I1012386","Samson Ryan",43800,-4800,-1800,200,2200,3800,2024,8
"CD_I1017043","Judson Clarke",37800,-3200,-600,1400,3400,5000,2024,8
"CD_I1017059","Josh Gibcus",28500,-1000,1000,3000,5000,6600,2024,8
"CD_I1019916","Kane McAuliffe",23400,1300,2900,4900,6900,8500,2024,8
"CD_I1021152","Jacob Bauer",22200,0,2200,4200,6200,7800,2024,8
"CD_I1021660","Mate Colina",22200,0,2200,4200,6200,7800,2024,8
"CD_I1022383","Liam Fawcett",22200,0,2200,4200,6200,7800,2024,8
"CD_I1022999","Kaleb Smith",22200,0,2200,4200,6200,7800,2024,8
"CD_I1023056","Steely Green",22200,0,2200,4200,6200,7800,2024,8
"CD_I1031829","James Trezise",54700,-2600,-1700,300,2300,3900,2024,8
"CD_I1035199","Oliver Hayes-Brown",22200,0,2200,4200,6200,7800,2024,8
"CD_I290627","Dion Prestia",69800,-6200,-5500,-3500,-1500,100,2024,8
"CD_I293813","Tom Lynch",56100,-1900,-1800,200,2200,3800,2024,8
"CD_I990827","Jack Graham",62800,-900,-2000,0,2000,3600,2024,8
"CD_I993903","Jacob Hopper",81000,-1400,-3800,-1800,200,1800,2024,8
"CD_I998172","Tim Taranto",99300,0,-3600,-1600,400,2000,2024,8
"CD_I1002282","Charlie Spargo",44800,-1500,-400,1600,3600,5200,2024,8
"CD_I1003546","Joel Smith",34800,-2900,1100,3100,5100,6700,2024,8
"CD_I1012825","Jake Bowey",61800,-1500,-1800,200,2200,3800,2024,8
"CD_I1013165","Andy Moniz-Wakefield",22200,0,2200,4200,6200,7800,2024,8
"CD_I1013532","Tom Fullarton",29200,-2400,1600,3600,5600,7200,2024,8
"CD_I1015473","Will Verrall",22200,0,2200,4200,6200,7800,2024,8
"CD_I1023174","Jed Adams",22200,0,2200,4200,6200,7800,2024,8
"CD_I1023486","Matthew Jefferson",22200,0,2200,4200,6200,7800,2024,8
"CD_I1023640","Koltyn Tholstrup",29200,-100,1600,3600,5600,7200,2024,8
"CD_I1027949","Kynan Brown",22200,0,2200,4200,6200,7800,2024,8
"CD_I1029973","Oliver Sestan",22200,0,2200,4200,6200,7800,2024,8
"CD_I1030866","Kyah Farris-White",22200,0,2200,4200,6200,7800,2024,8
"CD_I280824","Jake Melksham",48800,-4100,-100,1900,4000,5600,2024,8
"CD_I291819","Adam Tomlinson",51500,-100,-300,1700,3700,5300,2024,8
"CD_I291867","Ben Brown",41400,-2300,-1400,600,2600,4200,2024,8
"CD_I294557","Lachie Hunter",79200,-6600,-2600,-600,1400,3000,2024,8
"CD_I296359","Christian Salem",72100,-5600,-7100,-5100,-3100,-1500,2024,8
"CD_I298279","Angus Brayshaw",85300,-7100,-3100,-1100,900,2500,2024,8
"CD_I298470","Shane McAdam",54800,-4600,-600,1400,3500,5100,2024,8
"CD_I993841","Josh Schache",38500,-1600,100,2100,4100,5700,2024,8
"CD_I996692","Marty Hore",39300,1500,1600,3600,5600,7200,2024,8
"CD_I1004385","Oscar Allen",62000,-3700,-2800,-800,1200,2800,2024,8
"CD_I1011243","Callum Jamieson",39600,1800,1900,3900,5900,7500,2024,8
"CD_I1011437","Harry Edwards",35800,1000,1500,3500,5500,7100,2024,8
"CD_I1011449","Zane Trew",29900,-2500,1500,3500,5500,7100,2024,8
"CD_I1013511","Tyler Brockman",41400,-1400,-400,1600,3600,5200,2024,8
"CD_I1017718","Rhett Bazzo",30300,-2500,1500,3500,5500,7100,2024,8
"CD_I1020032","Loch Rawlinson",22200,0,2100,4100,6100,7700,2024,8
"CD_I1020057","Harry Barnett",22700,800,2500,4500,6500,8100,2024,8
"CD_I1020595","Jordyn Baker",22200,0,2200,4200,6200,7800,2024,8
"CD_I1020670","Elijah Hewett",46300,-3900,200,2200,4200,5800,2024,8
"CD_I1020802","Jai Culley",57400,-4800,-800,1200,3200,4800,2024,8
"CD_I1023142","Tyrell Dewar",22200,0,2200,4200,6200,7800,2024,8
"CD_I1023502","Coby Burgiel",22200,0,2200,4200,6200,7800,2024,8
"CD_I1024188","Clay Hall",22200,0,2200,4200,6200,7800,2024,8
"CD_I1027693","Archer Reid",23600,-1400,2000,4000,6100,7700,2024,8
"CD_I1028291","Coen Livingstone",22200,0,2200,4200,6200,7800,2024,8
"CD_I1029416","Ryan Maric",37600,300,1500,3500,5500,7100,2024,8
"CD_I290801","Andrew Gaff",67100,-7600,-5000,-3000,-1000,600,2024,8
"CD_I993902","Matt Flynn",71700,-6000,-2000,0,2000,3600,2024,8
"CD_I994385","Jayden Hunt",63100,-2800,-3800,-1800,200,1800,2024,8
"CD_I998791","Jamaine Jones",62100,-3600,-3200,-1200,800,2400,2024,8
